<?xml version="1.0"?>
<table name="battle">
     <row>
         <field name="1">1</field>
         <field name="2">1</field>
         <field name="3">1</field>
         <field name="4">2</field>
         <field name="5">1</field>
         <field name="6">2</field>
         <field name="7">1</field>
         <field name="8">23</field>
         <field name="9">12</field>
         <field name="10">10</field>
     </row>
     <row>
         <field name="1">2</field>
         <field name="2">1</field>
         <field name="3">1</field>
         <field name="4">2</field>
         <field name="5">1</field>
         <field name="6">2</field>
         <field name="7">1</field>
         <field name="8">23</field>
         <field name="9">10</field>
         <field name="10">11</field>
     </row>
</table>